Country/Region,Province/State,Lat,Long
Afghanistan,,33.93911,67.709953
Albania,,41.1533,20.1683
Algeria,,28.0339,1.6596
Andorra,,42.5063,1.5218
Angola,,-11.2027,17.8739
Antigua and Barbuda,,17.0608,-61.7964
Argentina,,-38.4161,-63.6167
Armenia,,40.0691,45.0382
Australia,Australian Capital Territory,-35.4735,149.0124
Australia,New South Wales,-33.8688,151.2093
Australia,Northern Territory,-12.4634,130.8456
Australia,Queensland,-27.4698,153.0251
Australia,South Australia,-34.9285,138.6007
Australia,Tasmania,-42.8821,147.3272
Australia,Victoria,-37.8136,144.9631
Australia,Western Australia,-31.9505,115.8605
Austria,,47.5162,14.5501
Azerbaijan,,40.1431,47.5769
Bahamas,,25.025885,-78.035889
Bahrain,,26.0275,50.55
Bangladesh,,23.685,90.3563
Barbados,,13.1939,-59.5432
Belarus,,53.7098,27.9534
Belgium,,50.8333,4.469936
Belize,,17.1899,-88.4976
Benin,,9.3077,2.3158
Bhutan,,27.5142,90.4336
Bolivia,,-16.2902,-63.5887
Bosnia and Herzegovina,,43.9159,17.6791
Botswana,,-22.3285,24.6849
Brazil,,-14.235,-51.9253
Brunei,,4.5353,114.7277
Bulgaria,,42.7339,25.4858
Burkina Faso,,12.2383,-1.5616
Burma,,21.9162,95.956
Burundi,,-3.3731,29.9189
Cabo Verde,,16.5388,-23.0418
Cambodia,,11.55,104.9167
Cameroon,,3.8480000000000003,11.5021
Canada,Alberta,53.9333,-116.5765
Canada,British Columbia,53.7267,-127.6476
Canada,Diamond Princess,0.0,0.0
Canada,Grand Princess,0.0,0.0
Canada,Manitoba,53.7609,-98.8139
Canada,New Brunswick,46.5653,-66.4619
Canada,Newfoundland and Labrador,53.1355,-57.6604
Canada,Northwest Territories,64.8255,-124.8457
Canada,Nova Scotia,44.681999999999995,-63.7443
Canada,Nunavut,70.2998,-83.1076
Canada,Ontario,51.2538,-85.3232
Canada,Prince Edward Island,46.5107,-63.4168
Canada,Quebec,52.9399,-73.5491
Canada,Repatriated Travellers,,
Canada,Saskatchewan,52.9399,-106.4509
Canada,Yukon,64.2823,-135.0
Central African Republic,,6.6111,20.9394
Chad,,15.4542,18.7322
Chile,,-35.6751,-71.543
China,Anhui,31.8257,117.2264
China,Beijing,40.1824,116.4142
China,Chongqing,30.0572,107.874
China,Fujian,26.0789,117.9874
China,Gansu,35.7518,104.2861
China,Guangdong,23.3417,113.4244
China,Guangxi,23.8298,108.7881
China,Guizhou,26.8154,106.8748
China,Hainan,19.1959,109.7453
China,Hebei,39.549,116.1306
China,Heilongjiang,47.861999999999995,127.7615
China,Henan,37.8957,114.9042
China,Hong Kong,22.3,114.2
China,Hubei,30.9756,112.2707
China,Hunan,27.6104,111.7088
China,Inner Mongolia,44.0935,113.9448
China,Jiangsu,32.9711,119.455
China,Jiangxi,27.614,115.7221
China,Jilin,43.6661,126.1923
China,Liaoning,41.2956,122.6085
China,Macau,22.1667,113.55
China,Ningxia,37.2692,106.1655
China,Qinghai,35.7452,95.9956
China,Shaanxi,35.1917,108.8701
China,Shandong,36.3427,118.1498
China,Shanghai,31.201999999999998,121.4491
China,Shanxi,37.5777,112.2922
China,Sichuan,30.6171,102.7103
China,Tianjin,39.3054,117.323
China,Tibet,31.6927,88.0924
China,Xinjiang,41.1129,85.2401
China,Yunnan,24.974,101.48700000000001
China,Zhejiang,29.1832,120.0934
Colombia,,4.5709,-74.2973
Comoros,,-11.6455,43.3333
Congo (Brazzaville),,-0.228,15.8277
Congo (Kinshasa),,-4.0383,21.7587
Costa Rica,,9.7489,-83.7534
Cote d'Ivoire,,7.54,-5.5471
Croatia,,45.1,15.2
Cuba,,21.521757,-77.78116700000001
Cyprus,,35.1264,33.4299
Czechia,,49.8175,15.472999999999999
Denmark,Faroe Islands,61.8926,-6.9118
Denmark,Greenland,71.7069,-42.6043
Denmark,,56.2639,9.5018
Diamond Princess,,0.0,0.0
Djibouti,,11.8251,42.5903
Dominica,,15.415,-61.371
Dominican Republic,,18.7357,-70.1627
Ecuador,,-1.8312,-78.1834
Egypt,,26.820553000000004,30.802497999999996
El Salvador,,13.7942,-88.8965
Equatorial Guinea,,1.6508,10.2679
Eritrea,,15.1794,39.7823
Estonia,,58.5953,25.0136
Eswatini,,-26.5225,31.4659
Ethiopia,,9.145,40.4897
Fiji,,-17.7134,178.065
Finland,,61.92411,25.748151
France,French Guiana,3.9339,-53.1258
France,French Polynesia,-17.6797,149.4068
France,Guadeloupe,16.265,-61.551
France,Martinique,14.6415,-61.0242
France,Mayotte,-12.8275,45.166244
France,New Caledonia,-20.904304999999997,165.618042
France,Reunion,-21.1151,55.5364
France,Saint Barthelemy,17.9,-62.8333
France,Saint Pierre and Miquelon,46.8852,-56.3159
France,St Martin,18.0708,-63.0501
France,,46.2276,2.2137
Gabon,,-0.8037,11.6094
Gambia,,13.4432,-15.3101
Georgia,,42.3154,43.3569
Germany,,51.165690999999995,10.451526
Ghana,,7.9465,-1.0232
Greece,,39.0742,21.8243
Grenada,,12.1165,-61.678999999999995
Guatemala,,15.7835,-90.2308
Guinea,,9.9456,-9.6966
Guinea-Bissau,,11.8037,-15.1804
Guyana,,4.860416000000001,-58.93018000000001
Haiti,,18.9712,-72.2852
Holy See,,41.9029,12.4534
Honduras,,15.2,-86.2419
Hungary,,47.1625,19.5033
Iceland,,64.9631,-19.0208
India,,20.593684,78.96288
Indonesia,,-0.7893,113.9213
Iran,,32.427908,53.68804599999999
Iraq,,33.223191,43.679291
Ireland,,53.1424,-7.6921
Israel,,31.046051000000002,34.851612
Italy,,41.87194,12.56738
Jamaica,,18.1096,-77.2975
Japan,,36.204824,138.252924
Jordan,,31.24,36.51
Kazakhstan,,48.0196,66.9237
Kenya,,-0.0236,37.9062
"Korea, South",,35.907757000000004,127.766922
Kosovo,,42.602636,20.902977
Kuwait,,29.311659999999996,47.481766
Kyrgyzstan,,41.20438,74.766098
Laos,,19.856270000000002,102.495496
Latvia,,56.8796,24.6032
Lebanon,,33.8547,35.8623
Lesotho,,-29.61,28.2336
Liberia,,6.4280550000000005,-9.429499
Libya,,26.3351,17.228331
Liechtenstein,,47.14,9.55
Lithuania,,55.1694,23.8813
Luxembourg,,49.8153,6.1296
MS Zaandam,,0.0,0.0
Madagascar,,-18.766947000000002,46.869107
Malawi,,-13.2543,34.3015
Malaysia,,4.210483999999999,101.97576600000001
Maldives,,3.2028,73.2207
Mali,,17.570692,-3.9961660000000006
Malta,,35.9375,14.3754
Marshall Islands,,7.1315,171.1845
Mauritania,,21.0079,-10.9408
Mauritius,,-20.348404000000002,57.552152
Mexico,,23.6345,-102.5528
Moldova,,47.4116,28.3699
Monaco,,43.7333,7.4167
Mongolia,,46.8625,103.8467
Montenegro,,42.708678000000006,19.37439
Morocco,,31.7917,-7.0926
Mozambique,,-18.665695,35.529562
Namibia,,-22.9576,18.4904
Nepal,,28.1667,84.25
Netherlands,Aruba,12.5211,-69.9683
Netherlands,"Bonaire, Sint Eustatius and Saba",12.1784,-68.2385
Netherlands,Curacao,12.1696,-68.99
Netherlands,Sint Maarten,18.0425,-63.0548
Netherlands,,52.1326,5.2913
New Zealand,,-40.9006,174.886
Nicaragua,,12.865416,-85.207229
Niger,,17.607789,8.081666
Nigeria,,9.082,8.6753
North Macedonia,,41.6086,21.7453
Norway,,60.472,8.4689
Oman,,21.512583,55.923255000000005
Pakistan,,30.3753,69.3451
Panama,,8.538,-80.7821
Papua New Guinea,,-6.314993,143.95555
Paraguay,,-23.4425,-58.4438
Peru,,-9.19,-75.0152
Philippines,,12.879721,121.77401699999999
Poland,,51.9194,19.1451
Portugal,,39.3999,-8.2245
Qatar,,25.3548,51.1839
Romania,,45.9432,24.9668
Russia,,61.52401,105.31875600000001
Rwanda,,-1.9403,29.8739
Saint Kitts and Nevis,,17.357822,-62.782998
Saint Lucia,,13.9094,-60.9789
Saint Vincent and the Grenadines,,12.9843,-61.2872
San Marino,,43.9424,12.4578
Sao Tome and Principe,,0.1864,6.6131
Saudi Arabia,,23.885942,45.079162
Senegal,,14.4974,-14.4524
Serbia,,44.0165,21.0059
Seychelles,,-4.6796,55.492
Sierra Leone,,8.460555000000001,-11.779889
Singapore,,1.2833,103.8333
Slovakia,,48.669,19.699
Slovenia,,46.1512,14.9955
Solomon Islands,,-9.6457,160.1562
Somalia,,5.152149,46.199616
South Africa,,-30.5595,22.9375
South Sudan,,6.877000000000001,31.307
Spain,,40.463667,-3.7492199999999998
Sri Lanka,,7.873054,80.77179699999999
Sudan,,12.8628,30.2176
Suriname,,3.9193,-56.0278
Sweden,,60.128161,18.643501
Switzerland,,46.8182,8.2275
Syria,,34.802075,38.996815000000005
Taiwan*,,23.7,121.0
Tajikistan,,38.861,71.2761
Tanzania,,-6.369028,34.888822
Thailand,,15.870032,100.992541
Timor-Leste,,-8.874217,125.727539
Togo,,8.6195,0.8248
Trinidad and Tobago,,10.6918,-61.2225
Tunisia,,33.886917,9.537499
Turkey,,38.9637,35.2433
US,,40.0,-100.0
Uganda,,1.373333,32.290275
Ukraine,,48.3794,31.1656
United Arab Emirates,,23.424076,53.847818000000004
United Kingdom,Anguilla,18.2206,-63.0686
United Kingdom,Bermuda,32.3078,-64.7505
United Kingdom,British Virgin Islands,18.4207,-64.64
United Kingdom,Cayman Islands,19.3133,-81.2546
United Kingdom,Channel Islands,49.3723,-2.3644
United Kingdom,Falkland Islands (Malvinas),-51.7963,-59.5236
United Kingdom,Gibraltar,36.1408,-5.3536
United Kingdom,Isle of Man,54.2361,-4.5481
United Kingdom,Montserrat,16.742498,-62.187366000000004
United Kingdom,Turks and Caicos Islands,21.694000000000003,-71.7979
United Kingdom,,55.3781,-3.4360000000000004
Uruguay,,-32.5228,-55.7658
Uzbekistan,,41.377491,64.585262
Vanuatu,,-15.3767,166.9592
Venezuela,,6.4238,-66.5897
Vietnam,,14.058323999999999,108.277199
West Bank and Gaza,,31.9522,35.2332
Western Sahara,,24.2155,-12.8858
Yemen,,15.552726999999999,48.516388
Zambia,,-13.133897,27.849332
Zimbabwe,,-19.015438,29.154857
